{"cameraMode":{"drawMode":0,"name":"Shaded","section":"Shading Mode"},"sceneLighting":false,"audioPlay":false,"sceneViewState":{"showFog":false,"showMaterialUpdate":false,"showSkybox":false,"showFlares":false,"showImageEffects":false,"showParticleSystems":false},"in2DMode":false,"pivot":{"x":1.3489110469818116,"y":2.519026756286621,"z":11.836322784423829},"rotation":{"x":0.0847960114479065,"y":0.0029891286976635458,"z":-0.00025440845638513565,"w":0.9963949918746948},"size":15.269649505615235,"orthographic":false}