{"cameraMode":{"drawMode":0,"name":"Shaded","section":"Shading Mode"},"sceneLighting":false,"audioPlay":false,"sceneViewState":{"showFog":false,"showMaterialUpdate":false,"showSkybox":false,"showFlares":false,"showImageEffects":false,"showParticleSystems":false},"in2DMode":false,"pivot":{"x":0.01226949691772461,"y":0.045336127281188968,"z":2.335238456726074},"rotation":{"x":0.0824919044971466,"y":-0.7879034280776978,"z":0.10822213441133499,"w":0.6005811095237732},"size":2.700017213821411,"orthographic":false}