{"cameraMode":{"drawMode":0,"name":"Shaded","section":"Shading Mode"},"sceneLighting":false,"audioPlay":false,"sceneViewState":{"showFog":false,"showMaterialUpdate":false,"showSkybox":false,"showFlares":false,"showImageEffects":false,"showParticleSystems":false},"in2DMode":false,"pivot":{"x":0.6878219842910767,"y":3.0480542182922365,"z":11.933321952819825},"rotation":{"x":0.4658030569553375,"y":-0.05038858950138092,"z":0.02657955326139927,"w":0.8830530047416687},"size":10.0,"orthographic":false}