{"cameraMode":{"drawMode":0,"name":"Shaded","section":"Shading Mode"},"sceneLighting":false,"audioPlay":false,"sceneViewState":{"showFog":false,"showMaterialUpdate":false,"showSkybox":false,"showFlares":false,"showImageEffects":false,"showParticleSystems":false},"in2DMode":false,"pivot":{"x":357.46124267578127,"y":139.96206665039063,"z":0.2053285837173462},"rotation":{"x":0.0824919044971466,"y":-0.7879034280776978,"z":0.10822213441133499,"w":0.6005811095237732},"size":1.9174811840057374,"orthographic":false}