{"cameraMode":{"drawMode":0,"name":"Shaded","section":"Shading Mode"},"sceneLighting":false,"audioPlay":false,"sceneViewState":{"showFog":false,"showMaterialUpdate":false,"showSkybox":false,"showFlares":false,"showImageEffects":false,"showParticleSystems":false},"in2DMode":false,"pivot":{"x":0.6878219842910767,"y":3.0480542182922365,"z":11.933321952819825},"rotation":{"x":0.20323646068572999,"y":-0.6524621844291687,"z":0.1879715919494629,"w":0.7054467797279358},"size":0.8660283088684082,"orthographic":false}