{"cameraMode":{"drawMode":0,"name":"Shaded","section":"Shading Mode"},"sceneLighting":false,"audioPlay":false,"sceneViewState":{"showFog":false,"showMaterialUpdate":false,"showSkybox":false,"showFlares":false,"showImageEffects":false,"showParticleSystems":false},"in2DMode":false,"pivot":{"x":-0.009233474731445313,"y":3.201699733734131,"z":0.3082103729248047},"rotation":{"x":0.08519259840250015,"y":0.19596506655216218,"z":-0.017092082649469377,"w":0.9767554998397827},"size":8.532456398010254,"orthographic":false}