{"cameraMode":{"drawMode":0,"name":"Shaded","section":"Shading Mode"},"sceneLighting":false,"audioPlay":false,"sceneViewState":{"showFog":false,"showMaterialUpdate":false,"showSkybox":false,"showFlares":false,"showImageEffects":false,"showParticleSystems":false},"in2DMode":false,"pivot":{"x":357.474853515625,"y":140.36346435546876,"z":0.12111854553222656},"rotation":{"x":0.0824919044971466,"y":-0.7879034280776978,"z":0.10822213441133499,"w":0.6005811095237732},"size":2.339359760284424,"orthographic":false}