{"cameraMode":{"drawMode":0,"name":"Shaded","section":"Shading Mode"},"sceneLighting":false,"audioPlay":false,"sceneViewState":{"showFog":false,"showMaterialUpdate":false,"showSkybox":false,"showFlares":false,"showImageEffects":false,"showParticleSystems":false},"in2DMode":false,"pivot":{"x":-0.038764357566833499,"y":0.24036097526550294,"z":-0.00002104043960571289},"rotation":{"x":0.4658030569553375,"y":-0.05038858950138092,"z":0.02657955326139927,"w":0.8830530047416687},"size":3.1048007011413576,"orthographic":false}