{"cameraMode":{"drawMode":0,"name":"Shaded","section":"Shading Mode"},"sceneLighting":false,"audioPlay":false,"sceneViewState":{"showFog":false,"showMaterialUpdate":false,"showSkybox":false,"showFlares":false,"showImageEffects":false,"showParticleSystems":false},"in2DMode":false,"pivot":{"x":356.32391357421877,"y":141.1925811767578,"z":1.354254961013794},"rotation":{"x":0.0824919044971466,"y":-0.7879034280776978,"z":0.10822213441133499,"w":0.6005811095237732},"size":1.658312439918518,"orthographic":false}