{"cameraMode":{"drawMode":0,"name":"Shaded","section":"Shading Mode"},"sceneLighting":true,"audioPlay":false,"sceneViewState":{"showFog":false,"showMaterialUpdate":false,"showSkybox":false,"showFlares":false,"showImageEffects":false,"showParticleSystems":false},"in2DMode":false,"pivot":{"x":2.3915798664093019,"y":0.6855812072753906,"z":-19.18585777282715},"rotation":{"x":0.5177309513092041,"y":0.06582692265510559,"z":-0.039997197687625888,"w":0.852070152759552},"size":14.949426651000977,"orthographic":false}